Sequence_type,Segment,Position,Alignment_column,Mutation,WT_state,Reassortant_state,Criterion,Coordinate_reference,Reassortant_group,Reassortant_n,Reassortant_N,Reassortant_callable_N,Reassortant_pct,WT_B_group,WT_B_n,WT_B_N,WT_B_callable_N,WT_B_pct,WT_A_group,WT_A_n,WT_A_N,WT_A_callable_N,WT_A_pct,C_group,C_n,C_N,C_callable_N,C_pct,D_group,D_n,D_N,D_callable_N,D_pct
AA,VP2,1603,1607,A1603G,A,G,Criterion_1_Strict_B_signature,"R_HQ657139 Rotavirus A strain RVA/Human-wt/MWI/1473/2001/G8P[4] segment 2, complete sequence",RP,65,65,65,100.00,WTP,10,10,10,100.00,R,0,65,65,0.00,O,0,0,0,,G,0,0,0,
AA,VP2,1786,1790,G1786A,G,A,Criterion_2_Reassortant_enriched_B_signature,"R_HQ657139 Rotavirus A strain RVA/Human-wt/MWI/1473/2001/G8P[4] segment 2, complete sequence",RP,65,65,65,100.00,WTP,8,10,10,80.00,R,0,65,65,0.00,O,0,0,0,,G,0,0,0,
AA,VP2,2155,2159,A2155G,A,G,Criterion_1_Strict_B_signature,"R_HQ657139 Rotavirus A strain RVA/Human-wt/MWI/1473/2001/G8P[4] segment 2, complete sequence",RP,65,65,65,100.00,WTP,10,10,10,100.00,R,0,65,65,0.00,O,0,0,0,,G,0,0,0,
AA,VP2,2290,2294,G2290A,G,A,Criterion_1_Strict_B_signature,"R_HQ657139 Rotavirus A strain RVA/Human-wt/MWI/1473/2001/G8P[4] segment 2, complete sequence",RP,65,65,65,100.00,WTP,10,10,10,100.00,R,0,65,65,0.00,O,0,0,0,,G,0,0,0,
AA,VP2,2467,2471,G2467A,G,A,Criterion_1_Strict_B_signature,"R_HQ657139 Rotavirus A strain RVA/Human-wt/MWI/1473/2001/G8P[4] segment 2, complete sequence",RP,65,65,65,100.00,WTP,10,10,10,100.00,R,0,65,65,0.00,O,0,0,0,,G,0,0,0,
AA,VP3,296,296,V296I,V,I,Criterion_2_Reassortant_enriched_B_signature,R_PX212611_translation,RP,62,62,62,100.00,WTP,2,4,4,50.00,R,0,50,50,0.00,O,0,24,24,0.00,G,0,0,0,
AA,VP3,457,457,Y457C,Y,C,Criterion_2_Reassortant_enriched_B_signature,R_PX212611_translation,RP,62,62,62,100.00,WTP,2,4,4,50.00,R,0,50,50,0.00,O,0,24,24,0.00,G,0,0,0,
AA,VP4,149,149,N149S,N,S,Criterion_2_Reassortant_enriched_B_signature,"DG_OR205289_translation Rotavirus A isolate RVA/Human-wt/IND/RVGE-169/2012/G1P[8]I1R1C1M1A2N1T1T2E1H1 protease sensitive viral attachment protein (VP4) gene, complete cds",LGR,67,67,67,100.00,LGWT,14,22,14,63.64,DG,0,33,5,0.00,,,,,,,,,,
AA,VP4,245,245,K245T,K,T,Criterion_1_Strict_B_signature,"DG_OR205289_translation Rotavirus A isolate RVA/Human-wt/IND/RVGE-169/2012/G1P[8]I1R1C1M1A2N1T1T2E1H1 protease sensitive viral attachment protein (VP4) gene, complete cds",LGR,67,67,67,100.00,LGWT,22,22,22,100.00,DG,0,33,33,0.00,,,,,,,,,,
AA,NSP3,242,242,I242V,I,V,Criterion_1_Strict_B_signature,R_PX211731_translation,RP,67,67,67,100.00,WTP,8,8,8,100.00,R,0,65,65,0.00,O,0,0,0,,G,0,0,0,
NU,VP1,283,283,U283C,U,C,Criterion_2_Reassortant_enriched_B_signature,"R_LC569052 Human rotavirus A RVA/Human-wt/JPN/To16-04/2016/G2P[4] VP1 gene for RNA-directed RNA polymerase, complete cds",RP,55,55,55,100.00,WTP,14,20,20,70.00,R,0,29,28,0.00,O,0,30,30,0.00,G,0,6,6,0.00
NU,VP1,1992,1992,U1992G,U,G,Criterion_1_Strict_B_signature,"R_LC569052 Human rotavirus A RVA/Human-wt/JPN/To16-04/2016/G2P[4] VP1 gene for RNA-directed RNA polymerase, complete cds",RP,55,55,55,100.00,WTP,20,20,20,100.00,R,0,29,29,0.00,O,0,30,30,0.00,G,0,6,6,0.00
NU,VP1,2613,2613,U2613A,U,A,Criterion_2_Reassortant_enriched_B_signature,"R_LC569052 Human rotavirus A RVA/Human-wt/JPN/To16-04/2016/G2P[4] VP1 gene for RNA-directed RNA polymerase, complete cds",RP,55,55,55,100.00,WTP,8,20,20,40.00,R,0,29,29,0.00,O,0,30,30,0.00,G,0,6,6,0.00
NU,VP1,2724,2724,C2724U,C,U,Criterion_2_Reassortant_enriched_B_signature,"R_LC569052 Human rotavirus A RVA/Human-wt/JPN/To16-04/2016/G2P[4] VP1 gene for RNA-directed RNA polymerase, complete cds",RP,55,55,55,100.00,WTP,14,20,20,70.00,R,0,29,29,0.00,O,0,30,30,0.00,G,0,6,6,0.00
NU,VP3,133,133,G133A,G,A,Criterion_1_Strict_B_signature,"R_KU356576 Human rotavirus A strain RVA/Human-wt/BGN/J253/2010/G2P[4] VP3 gene, complete cds",RP,62,62,62,100.00,WTP,4,4,4,100.00,R,0,50,50,0.00,O,0,24,24,0.00,G,0,0,0,
NU,VP3,935,935,G935A,G,A,Criterion_2_Reassortant_enriched_B_signature,"R_KU356576 Human rotavirus A strain RVA/Human-wt/BGN/J253/2010/G2P[4] VP3 gene, complete cds",RP,62,62,62,100.00,WTP,2,4,4,50.00,R,0,50,50,0.00,O,0,24,24,0.00,G,0,0,0,
NU,VP3,1419,1419,A1419G,A,G,Criterion_2_Reassortant_enriched_B_signature,"R_KU356576 Human rotavirus A strain RVA/Human-wt/BGN/J253/2010/G2P[4] VP3 gene, complete cds",RP,62,62,62,100.00,WTP,2,4,4,50.00,R,0,50,50,0.00,O,0,24,24,0.00,G,0,0,0,
NU,VP3,1768,1768,A1768G,A,G,Criterion_1_Strict_B_signature,"R_KU356576 Human rotavirus A strain RVA/Human-wt/BGN/J253/2010/G2P[4] VP3 gene, complete cds",RP,62,62,62,100.00,WTP,4,4,4,100.00,R,0,50,50,0.00,O,0,24,24,0.00,G,0,0,0,
NU,VP3,2341,2341,A2341G,A,G,Criterion_1_Strict_B_signature,"R_KU356576 Human rotavirus A strain RVA/Human-wt/BGN/J253/2010/G2P[4] VP3 gene, complete cds",RP,62,62,62,100.00,WTP,4,4,4,100.00,R,0,50,50,0.00,O,0,24,24,0.00,G,0,0,0,
NU,VP4,453,455,A453G,A,G,Criterion_2_Reassortant_enriched_B_signature,"DG_LC430884 Human rotavirus A RVA/Human-wt/IDN/STM457/2018/G3P[8] VP4 gene for outer capsid spike protein VP4, partial cds",LGR,67,67,67,100.00,LGWT,14,22,22,63.64,DG,0,33,33,0.00,,,,,,,,,,
NU,VP4,562,564,U562C,U,C,Criterion_1_Strict_B_signature,"DG_LC430884 Human rotavirus A RVA/Human-wt/IDN/STM457/2018/G3P[8] VP4 gene for outer capsid spike protein VP4, partial cds",LGR,67,67,67,100.00,LGWT,22,22,22,100.00,DG,0,33,33,0.00,,,,,,,,,,
NU,VP4,741,743,A741C,A,C,Criterion_1_Strict_B_signature,"DG_LC430884 Human rotavirus A RVA/Human-wt/IDN/STM457/2018/G3P[8] VP4 gene for outer capsid spike protein VP4, partial cds",LGR,67,67,67,100.00,LGWT,22,22,22,100.00,DG,0,33,33,0.00,,,,,,,,,,
NU,VP4,988,990,U988C,U,C,Criterion_2_Reassortant_enriched_B_signature,"DG_LC430884 Human rotavirus A RVA/Human-wt/IDN/STM457/2018/G3P[8] VP4 gene for outer capsid spike protein VP4, partial cds",LGR,67,67,67,100.00,LGWT,14,22,22,63.64,DG,0,33,33,0.00,,,,,,,,,,
NU,VP4,1162,1164,C1162U,C,U,Criterion_2_Reassortant_enriched_B_signature,"DG_LC430884 Human rotavirus A RVA/Human-wt/IDN/STM457/2018/G3P[8] VP4 gene for outer capsid spike protein VP4, partial cds",LGR,67,67,67,100.00,LGWT,17,22,22,77.27,DG,0,33,33,0.00,,,,,,,,,,
NU,VP4,1300,1302,G1300A,G,A,Criterion_2_Reassortant_enriched_B_signature,"DG_LC430884 Human rotavirus A RVA/Human-wt/IDN/STM457/2018/G3P[8] VP4 gene for outer capsid spike protein VP4, partial cds",LGR,67,67,67,100.00,LGWT,13,22,22,59.09,DG,0,33,33,0.00,,,,,,,,,,
NU,VP4,1435,1437,C1435U,C,U,Criterion_2_Reassortant_enriched_B_signature,"DG_LC430884 Human rotavirus A RVA/Human-wt/IDN/STM457/2018/G3P[8] VP4 gene for outer capsid spike protein VP4, partial cds",LGR,67,67,67,100.00,LGWT,8,22,22,36.36,DG,0,33,33,0.00,,,,,,,,,,
NU,VP4,1639,1641,A1639G,A,G,Criterion_2_Reassortant_enriched_B_signature,"DG_LC430884 Human rotavirus A RVA/Human-wt/IDN/STM457/2018/G3P[8] VP4 gene for outer capsid spike protein VP4, partial cds",LGR,67,67,67,100.00,LGWT,21,22,22,95.45,DG,0,33,33,0.00,,,,,,,,,,
NU,VP4,1879,1881,U1879C,U,C,Criterion_1_Strict_B_signature,"DG_LC430884 Human rotavirus A RVA/Human-wt/IDN/STM457/2018/G3P[8] VP4 gene for outer capsid spike protein VP4, partial cds",LGR,67,67,67,100.00,LGWT,22,22,22,100.00,DG,0,33,33,0.00,,,,,,,,,,
NU,VP4,2215,2217,U2215C,U,C,Criterion_2_Reassortant_enriched_B_signature,"DG_LC430884 Human rotavirus A RVA/Human-wt/IDN/STM457/2018/G3P[8] VP4 gene for outer capsid spike protein VP4, partial cds",LGR,67,67,67,100.00,LGWT,17,22,22,77.27,DG,0,33,33,0.00,,,,,,,,,,
NU,VP6,422,422,G422A,G,A,Criterion_2_Reassortant_enriched_B_signature,"R_MG181891 Rotavirus A strain RVA/Human-wt/MWI/BID1BI/2012/G2P[4] structural protein 6 (VP6) gene, complete cds",RP,55,55,55,100.00,WTP,28,30,30,93.33,R,0,55,55,0.00,O,0,0,0,,G,0,0,0,
NU,NSP1,865,865,U865A,U,A,Criterion_1_Strict_B_signature,"R_KU248400 Human rotavirus A strain RVA/Human-wt/BGN/J266/2010/G2P[4] NSP1 gene, complete cds",RP,66,66,66,100.00,WTP,13,13,13,100.00,R,0,61,61,0.00,O,0,0,0,,G,0,0,0,
NU,NSP1,1330,1330,G1330A,G,A,Criterion_1_Strict_B_signature,"R_KU248400 Human rotavirus A strain RVA/Human-wt/BGN/J266/2010/G2P[4] NSP1 gene, complete cds",RP,66,66,66,100.00,WTP,13,13,13,100.00,R,0,61,61,0.00,O,0,0,0,,G,0,0,0,
NU,NSP2,394,394,G394A,G,A,Criterion_1_Strict_B_signature,"R_MG181773 Rotavirus A strain RVA/Human-wt/MWI/BID11S/2012/G2P[4] nonstructural protein 2 (NSP2) gene, complete cds",RP,56,56,56,100.00,WTP,14,14,14,100.00,R,0,62,62,0.00,O,0,8,8,0.00,G,0,0,0,
NU,NSP2,868,868,C868U,C,U,Criterion_2_Reassortant_enriched_B_signature,"R_MG181773 Rotavirus A strain RVA/Human-wt/MWI/BID11S/2012/G2P[4] nonstructural protein 2 (NSP2) gene, complete cds",RP,56,56,56,100.00,WTP,2,14,14,14.29,R,0,62,62,0.00,O,0,8,8,0.00,G,0,0,0,
NU,NSP2,898,898,A898G,A,G,Criterion_2_Reassortant_enriched_B_signature,"R_MG181773 Rotavirus A strain RVA/Human-wt/MWI/BID11S/2012/G2P[4] nonstructural protein 2 (NSP2) gene, complete cds",RP,56,56,56,100.00,WTP,4,14,14,28.57,R,0,62,62,0.00,O,0,8,8,0.00,G,0,0,0,
NU,NSP2,937,937,U937C,U,C,Criterion_1_Strict_B_signature,"R_MG181773 Rotavirus A strain RVA/Human-wt/MWI/BID11S/2012/G2P[4] nonstructural protein 2 (NSP2) gene, complete cds",RP,56,56,56,100.00,WTP,14,14,14,100.00,R,0,62,62,0.00,O,0,8,8,0.00,G,0,0,0,
NU,NSP3,460,460,G460A,G,A,Criterion_1_Strict_B_signature,"R_PX211733 Rotavirus alphagastroenteritidis isolate 18IRL41889 NSP3 gene, complete cds",RP,67,67,67,100.00,WTP,8,8,8,100.00,R,0,65,65,0.00,O,0,0,0,,G,0,0,0,
NU,NSP3,749,749,A749G,A,G,Criterion_1_Strict_B_signature,"R_PX211733 Rotavirus alphagastroenteritidis isolate 18IRL41889 NSP3 gene, complete cds",RP,67,67,67,100.00,WTP,8,8,8,100.00,R,0,65,65,0.00,O,0,0,0,,G,0,0,0,
NU,NSP4,413,413,U413A,U,A,Criterion_1_Strict_B_signature,"R_KU199279 Human rotavirus A strain RVA/Human-wt/BGN/J306/2010/G2P[4] NSP4 gene, complete cds",RP,55,55,55,100.00,WTP,31,31,31,100.00,R,0,54,54,0.00,O,0,0,0,,G,0,0,0,
NU,NSP4,416,416,A416G,A,G,Criterion_2_Reassortant_enriched_B_signature,"R_KU199279 Human rotavirus A strain RVA/Human-wt/BGN/J306/2010/G2P[4] NSP4 gene, complete cds",RP,55,55,55,100.00,WTP,29,31,31,93.55,R,0,54,54,0.00,O,0,0,0,,G,0,0,0,
